id;first_name;last_name;email;phone;address_line_1;address_line_2;city;country
1;Chelsey;Wyman;"W)Y<Ll@52\[P.z*";1-383-473-2680;experiences;Sahara;Kassandrabury;Russian Federation
2;Lora;Baumbach;"XnJR1@8:.ial";391.849.2894 x02683;Handcrafted;Steel;O'Keefeshire;Finland
3;Raymond;Hammes;"=m@p^)h.4K6)k";(257) 372-6977;Lilangeni;Chair Directives;New Roderick;Niger
4;Taya;Bahringer;"]t@YsV.iL+b";830-222-7708 x1515;African fuchsia;ivory deposit Horizontal;Newton;Malawi
5;Jada;Blick;"x~M/F@,Yn5'-.Iw>";(349) 704-9488;Designer;multi-tasking;New Clairfort;Maldives
6;Destiny;Koelpin;"p9@aA.#2:.+#bj;";1-608-394-7688 x06925;parsing;New Human;Ornland;Slovenia
7;Pablo;Leannon;"v^M@vx'.s-";951.575.0853 x7031;Specialist optical monitor;digital Strategist full-range;Port Peggiefort;Antarctica (the territory South of 60 deg S)
8;Cathryn;Dooley;"gl@eVMJ.d05p";236.886.4226 x057;Infrastructure Wooden Bacon;Car Frozen;Nitzscheberg;Kazakhstan
9;Wilhelm;Gulgowski;"Vj7@<Us.L{\XL";730.692.4082 x338;Peso Engineer Buckinghamshire;Wooden Forward;Tuscaloosa;South Georgia and the South Sandwich Islands
10;Vergie;Schiller;"F@Q9hX.}";(654) 890-7049;Antillian Music open-source;Well;Rosariotown;Japan
